 name	 vol(cu.μm)	 len(μm)	 <r>_vl(μm)	 <r>_obs(μm)	 par	 num_child	 children...
16.01	66.3937	10.6482	1.4088	1.65871	N/A	2	17.01	14.01
17.01	207.003	28.0688	1.53215	1.70839	16.01	2	20.01	21.01
20.01	79.2827	15.7893	1.26425	1.48405	17.01	0
21.01	366.418	33.3809	1.86924	2.12143	17.01	2	23.01	24.01
23.01	179.931	39.5374	1.20358	1.32406	21.01	2	27.01	28.01
27.01	5.42841	4.04697	0.653426	0.677193	23.01	0
28.01	9.43709	2.63103	1.06852	0.986958	23.01	0
24.01	191.706	47.8837	1.12889	1.21339	21.01	0
14.01	185.025	34.0604	1.31497	1.38406	16.01	2	15.01	13.01
15.01	71.2792	7.01004	1.79906	1.98247	14.01	2	18.01	19.01
18.01	59.7543	16.1087	1.08662	1.31615	15.01	1	22.01
22.01	2.95083	0.762596	1.10981	1.62572	18.01	2	25.01	26.01
25.01	5.80423	4.15623	0.666726	0.728429	22.01	0
26.01	107.385	15.9331	1.4647	1.64512	22.01	2	29.01	30.01
29.01	52.4468	6.27569	1.631	1.83206	26.01	2	31.01	32.01
31.01	264.336	35.6386	1.53654	1.69461	29.01	2	33.01	34.01
33.01	339.055	76.2464	1.18974	1.34163	31.01	2	37.01	38.01
37.01	297.644	63.1179	1.22517	1.36751	33.01	0
38.01	0.598517	0.219333	0.93199	0	33.01	2	41.01	42.01
41.01	41.1307	9.55927	1.1703	1.10779	38.01	0
42.01	55.0477	10.4134	1.29718	1.49651	38.01	2	43.01	44.01
43.01	50.1084	11.1467	1.19621	1.41534	42.01	2	45.01	46.01
45.01	6.77299	6.0456	0.597167	0.629253	43.01	1	47.01
47.01	3.09002	2.8226	0.590312	0.592513	45.01	2	48.01	49.01
48.01	2.66688	3.28244	0.508544	0.616586	47.01	0
49.01	0.590166	1.1746	0.399915	0.428611	47.01	0
46.01	14.3561	6.84866	0.816845	0.926724	43.01	0
44.01	4.1757	3.5145	0.614976	0.656092	42.01	0
34.01	5.74855	2.28972	0.893949	0.906571	31.01	0
32.01	113.287	14.3422	1.58565	1.66217	29.01	2	35.01	36.01
35.01	4.57935	4.73194	0.555019	0.632633	32.01	0
36.01	229.339	49.5336	1.21399	1.47485	32.01	2	39.01	40.01
39.01	3.75813	3.39597	0.593512	0.565253	36.01	0
40.01	11.3621	6.08647	0.770853	0.81966	36.01	0
30.01	44.2207	11.2486	1.11864	1.15493	26.01	0
19.01	53.3376	18.0771	0.969119	1.03042	15.01	0
13.01	157.675	22.7594	1.485	1.77979	14.01	2	12.01	11.01
12.01	10.1489	2.92256	1.05137	1.13082	13.01	0
11.01	32.7912	11.0803	0.970574	1.0182	13.01	2	9.01	10.01
9.01	2.00434	0.824	0.879927	0.660516	11.01	2	8.01	6.01
8.01	4.67679	3.97629	0.611871	0.636203	9.01	2	7.01	4.01
7.01	3.50759	5.17182	0.464631	0.454856	8.01	0
4.01	52.6417	12.4232	1.16138	1.2832	8.01	2	3.01	2.01
3.01	21.477	6.02233	1.06544	1.27839	4.01	1	5.01
5.01	40.4208	18.2768	0.83903	1.02066	3.01	0
2.01	39.0846	5.97488	1.44299	1.72428	4.01	2	0.01	1.01
0.01	14.2391	5.08253	0.944337	1.18393	2.01	0
1.01	108.192	21.5553	1.264	1.63266	2.01	0
6.01	14.3644	9.38207	0.698103	0.927901	9.01	0
10.01	1.03001	0.824	0.630785	0.497636	11.01	0
22.02	234.549	49.6681	1.22604	1.59758	N/A	2	19.02	18.02
19.02	13.8216	7.7912	0.751453	0.774551	22.02	1	12.02
12.02	109.877	26.4626	1.14964	1.18433	19.02	2	8.02	13.02
8.02	145.635	31.5085	1.21295	1.35943	12.02	2	7.02	3.02
7.02	13.3762	5.9656	0.844819	0.865634	8.02	0
3.02	138.216	22.0879	1.41132	1.54674	8.02	2	1.02	4.02
1.02	114.957	14.0005	1.61667	1.82804	3.02	2	0.02	2.02
0.02	72.1979	23.0482	0.998548	0.970496	1.02	0
2.02	74.7868	8.95885	1.63009	1.73296	1.02	2	5.02	6.02
5.02	37.4143	5.97254	1.4121	1.4927	2.02	2	11.02	9.02
11.02	92.9372	32.9631	0.94734	1.02884	5.02	2	16.02	17.02
16.02	0.250542	0.582656	0.369964	0.137333	11.02	0
17.02	171.287	41.0371	1.15265	1.27668	11.02	0
9.02	19.5005	2.53804	1.56386	1.70747	5.02	1	10.02
10.02	42.4808	9.68983	1.18131	1.24476	9.02	2	14.02	15.02
14.02	3.67462	4.14928	0.530939	0.551605	10.02	0
15.02	78.9069	9.4392	1.63123	1.78622	10.02	2	20.02	21.02
20.02	102.068	14.7515	1.48406	1.64955	15.02	2	23.02	24.02
23.02	62.9278	14.6264	1.17025	1.28869	20.02	0
24.02	10.3418	1.5866	1.44042	1.1973	20.02	0
21.02	331.801	34.9044	1.7395	1.84194	15.02	2	25.02	26.02
25.02	15.7424	5.5745	0.948107	1.19759	21.02	2	27.02	28.02
27.02	20.8368	9.39135	0.840381	1.20184	25.02	0
28.02	83.8063	22.4999	1.08886	1.43944	25.02	2	29.02	30.02
29.02	42.5699	11.7317	1.07472	1.18556	28.02	2	31.02	32.02
31.02	9.76418	2.98163	1.02098	1.05804	29.02	0
32.02	68.7112	19.9033	1.04828	1.18677	29.02	0
30.02	57.8001	14.9682	1.10868	1.29013	28.02	2	33.02	34.02
33.02	9.8129	4.44969	0.837836	0.777271	30.02	0
34.02	31.3178	10.1925	0.988963	1.14277	30.02	0
26.02	168.698	26.265	1.42985	1.5845	21.02	0
6.02	96.7928	21.5071	1.19689	1.24203	2.02	0
4.02	60.2136	8.4376	1.50717	1.59495	3.02	0
13.02	327.305	76.4805	1.16715	1.36463	12.02	0
18.02	10.9264	7.61166	0.675965	0.68555	22.02	0
23.03	474.944	49.0193	1.75615	1.89166	N/A	2	22.03	20.03
22.03	525.262	105.488	1.25896	1.33687	23.03	0
20.03	225.446	33.6383	1.46059	1.64497	23.03	2	19.03	21.03
19.03	116.419	23.7582	1.2489	1.41154	20.03	2	18.03	16.03
18.03	6.55585	2.63103	0.890587	0.956623	19.03	0
16.03	28.2695	9.83303	0.956622	0.997767	19.03	2	17.03	14.03
17.03	100.801	36.7291	0.934659	0.976425	16.03	0
14.03	13.6128	2.33991	1.36082	1.40225	16.03	2	11.03	15.03
11.03	56.4973	13.5978	1.15002	1.21026	14.03	2	8.03	10.03
8.03	23.6206	8.50595	0.940175	1.09933	11.03	2	7.03	6.03
7.03	25.2908	8.73607	0.95995	1.07098	8.03	1	9.03
9.03	100.543	18.9495	1.29957	1.41043	7.03	2	12.03	13.03
12.03	3.09837	1.34525	0.856229	0.850083	9.03	0
13.03	84.4327	20.3669	1.14873	1.3696	9.03	0
6.03	38.7784	17.1555	0.848239	1.03817	8.03	2	4.03	5.03
4.03	6.31923	8.44261	0.488111	0.483941	6.03	2	3.03	1.03
3.03	3.00651	3.68516	0.509598	0.521433	4.03	0
1.03	20.5445	12.0019	0.738155	1.0145	4.03	2	2.03	0.03
2.03	15.812	3.98791	1.12343	1.46566	1.03	0
0.03	6.43058	3.22531	0.796644	0.67887	1.03	0
5.03	2.17137	3.38435	0.451912	0.507026	6.03	0
10.03	10.0217	2.04604	1.24864	1.41256	11.03	0
15.03	188.282	35.7651	1.29449	1.39202	14.03	0
21.03	2.17137	0.762596	0.952016	0.928048	20.03	0
4.04	106.94	16.0971	1.45419	1.64581	N/A	2	2.04	3.04
2.04	48.1598	7.66799	1.41393	3.4612	4.04	2	0.04	1.04
0.04	5.20571	2.21903	0.864138	0.963635	2.04	0
1.04	33.684	14.5334	0.858923	1.0494	2.04	0
3.04	7.73897	1.40666	1.32334	2.46	4.04	2	5.04	6.04
5.04	71.0287	14.531	1.24737	1.46804	3.04	0
6.04	258.267	31.5344	1.61461	1.82064	3.04	2	7.04	8.04
7.04	162.825	24.9235	1.44205	1.63637	6.04	2	9.04	10.04
9.04	71.6829	10.3771	1.48284	1.50877	7.04	0
10.04	221.646	43.3839	1.27524	1.32945	7.04	2	13.04	14.04
13.04	43.9284	19.0672	0.856355	0.870332	10.04	0
14.04	34.2825	7.85027	1.17901	1.22317	10.04	0
8.04	126.538	19.9164	1.4221	1.55172	6.04	2	11.04	12.04
11.04	10.0634	5.5745	0.758045	0.769983	8.04	2	15.04	16.04
15.04	1.6146	1.74797	0.54224	0.421728	11.04	0
16.04	4.45408	5.04397	0.530174	0.539458	11.04	0
12.04	3.22921	2.16925	0.688364	0.713618	8.04	0
4.05	174.169	26.4786	1.44698	1.92205	N/A	2	1.05	3.05
1.05	81.802	14.7194	1.33003	1.84043	4.05	2	2.05	0.05
2.05	11.5249	6.39576	0.757353	0.759598	1.05	0
0.05	37.8319	10.7756	1.05714	1.26576	1.05	0
3.05	93.3965	13.6093	1.47799	1.89622	4.05	2	5.05	6.05
5.05	9.39533	9.79213	0.55264	0.634497	3.05	2	7.05	8.05
7.05	1.7538	2.33991	0.488444	0.436276	5.05	0
8.05	3.54935	5.45169	0.455233	0.467565	5.05	2	9.05	10.05
9.05	6.7368	3.91722	0.739883	0.752569	8.05	2	11.05	12.05
11.05	3.42408	1.05372	1.01703	0.842818	9.05	0
12.05	9.24222	5.81351	0.711368	0.650432	9.05	2	14.05	15.05
14.05	6.80639	2.15997	1.00152	1.15211	12.05	1	13.05
13.05	3.67462	2.58125	0.673156	0.583713	14.05	0
15.05	3.77205	2.98163	0.634581	0.516816	12.05	0
10.05	37.122	12.6459	0.966641	1.58985	8.05	0
6.05	22.1451	16.6458	0.650747	0.883805	3.05	0
0.06	128.027	27.9646	1.20718	4.31763	N/A	2	1.06	2.06
1.06	83.7924	26.4511	1.00417	1.10458	0.06	2	3.06	4.06
3.06	17.3431	4.27903	1.13584	1.20999	1.06	2	5.06	6.06
5.06	8.49059	5.44241	0.704691	0.81752	3.06	0
6.06	95.8741	23.2281	1.14622	1.26774	3.06	2	7.06	8.06
7.06	12.2348	2.92256	1.15436	1.37325	6.06	0
8.06	90.5431	19.8592	1.20468	1.43506	6.06	2	9.06	10.06
9.06	1.1692	2.10785	0.420193	0.39162	8.06	0
10.06	38.3051	21.0318	0.761405	0.880935	8.06	0
4.06	167.947	14.39	1.92744	2.04588	1.06	0
2.06	312.092	80.0764	1.11382	1.20791	0.06	0
10.07	44.346	8.2646	1.3069	1.73435	N/A	2	8.07	9.07
8.07	40.9636	4.38829	1.72376	1.81528	10.07	2	6.07	7.07
6.07	7.79464	3.67588	0.821567	0.814555	8.07	2	5.07	3.07
5.07	2.07393	4.97789	0.364166	0.313486	6.07	0
3.07	91.9003	20.0232	1.20869	2.0735	6.07	2	1.07	4.07
1.07	152.914	19.2971	1.58819	1.79602	3.07	2	0.07	2.07
0.07	52.4468	13.5271	1.11092	1.33043	1.07	0
2.07	31.3178	10.2929	0.984129	1.07997	1.07	0
4.07	14.8029	4.80262	0.99051	1.04376	3.07	0
7.07	4.73246	1.1746	1.13246	1.0714	8.07	0
9.07	61.8839	12.6492	1.24791	1.40971	10.07	0
4.08	313.011	58.6818	1.30303	1.42649	N/A	2	3.08	1.08
3.08	31.5474	7.85301	1.13081	1.24492	4.08	2	5.08	6.08
5.08	82.8459	25.3587	1.01976	1.28914	3.08	0
6.08	6.20092	2.51945	0.885117	0.912807	3.08	0
1.08	74.9121	24.0135	0.996492	1.06643	4.08	2	0.08	2.08
0.08	5.21963	3.65357	0.674351	0.701534	1.08	0
2.08	7.89208	8.09435	0.557096	0.58145	1.08	0
2.09	394.353	57.4001	1.47881	1.58622	N/A	2	0.09	1.09
0.09	82.1778	31.1425	0.916485	0.929964	2.09	0
1.09	176.563	25.3769	1.48818	1.61342	2.09	2	3.09	4.09
3.09	30.942	20.656	0.690518	0.745672	1.09	0
4.09	12.4297	5.74516	0.829858	1.02344	1.09	2	5.09	6.09
5.09	19.9877	8.54685	0.862787	0.965292	4.09	0
6.09	7.69721	2.23066	1.04803	1.16902	4.09	0
4.1	163.799	22.5342	1.52111	1.69671	N/A	2	3.1	1.1
3.1	210.046	46.8775	1.19426	1.39524	4.1	0
1.1	272.178	45.6471	1.37767	1.50707	4.1	2	0.1	2.1
0.1	195.339	35.2575	1.32799	1.47133	1.1	0
2.1	78.3779	14.0028	1.33479	1.52164	1.1	0
1.11	134.565	16.2906	1.62152	3.01058	N/A	2	0.11	2.11
0.11	41.423	18.6915	0.839892	0.827287	1.11	0
2.11	1.97998	1.71638	0.605967	0.607949	1.11	0
