 name	 vol(cu.μm)	 len(μm)	 <r>_vl(μm)	 <r>_obs(μm)	 num_adj	 adj...
0.01	14.2391	5.08253	0.944337	1.18393	2	1.01	2.01
1.01	108.192	21.5553	1.264	1.63266	2	0.01	2.01
2.01	39.0846	5.97488	1.44299	1.72428	4	0.01	1.01	3.01	4.01
3.01	21.477	6.02233	1.06544	1.27839	4	5.01	6.01	4.01	2.01
4.01	52.6417	12.4232	1.16138	1.2832	4	3.01	2.01	7.01	8.01
5.01	40.4208	18.2768	0.83903	1.02066	2	3.01	6.01
6.01	14.3644	9.38207	0.698103	0.927901	4	5.01	3.01	8.01	9.01
7.01	3.50759	5.17182	0.464631	0.454856	2	4.01	8.01
8.01	4.67679	3.97629	0.611871	0.636203	4	7.01	4.01	9.01	6.01
9.01	2.00434	0.824	0.879927	0.660516	4	8.01	6.01	10.01	11.01
10.01	1.03001	0.824	0.630785	0.497636	2	9.01	11.01
11.01	32.7912	11.0803	0.970574	1.0182	4	9.01	10.01	12.01	13.01
12.01	10.1489	2.92256	1.05137	1.13082	2	11.01	13.01
13.01	157.675	22.7594	1.485	1.77979	4	12.01	11.01	14.01	15.01
14.01	185.025	34.0604	1.31497	1.38406	4	15.01	13.01	16.01	17.01
15.01	71.2792	7.01004	1.79906	1.98247	4	14.01	13.01	18.01	19.01
16.01	66.3937	10.6482	1.4088	1.65871	2	17.01	14.01
17.01	207.003	28.0688	1.53215	1.70839	4	16.01	14.01	20.01	21.01
18.01	59.7543	16.1087	1.08662	1.31615	3	19.01	15.01	22.01
19.01	53.3376	18.0771	0.969119	1.03042	3	18.01	15.01	22.01
20.01	79.2827	15.7893	1.26425	1.48405	2	21.01	17.01
21.01	366.418	33.3809	1.86924	2.12143	4	23.01	24.01	20.01	17.01
22.01	2.95083	0.762596	1.10981	1.62572	4	25.01	26.01	19.01	18.01
23.01	179.931	39.5374	1.20358	1.32406	4	27.01	28.01	21.01	24.01
24.01	191.706	47.8837	1.12889	1.21339	2	23.01	21.01
25.01	5.80423	4.15623	0.666726	0.728429	2	26.01	22.01
26.01	107.385	15.9331	1.4647	1.64512	4	25.01	22.01	29.01	30.01
27.01	5.42841	4.04697	0.653426	0.677193	2	23.01	28.01
28.01	9.43709	2.63103	1.06852	0.986958	2	27.01	23.01
29.01	52.4468	6.27569	1.631	1.83206	4	26.01	30.01	31.01	32.01
30.01	44.2207	11.2486	1.11864	1.15493	2	29.01	26.01
31.01	264.336	35.6386	1.53654	1.69461	4	32.01	29.01	33.01	34.01
32.01	113.287	14.3422	1.58565	1.66217	4	35.01	36.01	31.01	29.01
33.01	339.055	76.2464	1.18974	1.34163	4	34.01	31.01	37.01	38.01
34.01	5.74855	2.28972	0.893949	0.906571	2	33.01	31.01
35.01	4.57935	4.73194	0.555019	0.632633	2	32.01	36.01
36.01	229.339	49.5336	1.21399	1.47485	4	39.01	40.01	35.01	32.01
37.01	297.644	63.1179	1.22517	1.36751	2	33.01	38.01
38.01	0.598517	0.219333	0.93199	0	4	33.01	37.01	41.01	42.01
39.01	3.75813	3.39597	0.593512	0.565253	2	36.01	40.01
40.01	11.3621	6.08647	0.770853	0.81966	2	39.01	36.01
41.01	41.1307	9.55927	1.1703	1.10779	2	38.01	42.01
42.01	55.0477	10.4134	1.29718	1.49651	4	38.01	41.01	43.01	44.01
43.01	50.1084	11.1467	1.19621	1.41534	4	42.01	44.01	45.01	46.01
44.01	4.1757	3.5145	0.614976	0.656092	2	42.01	43.01
45.01	6.77299	6.0456	0.597167	0.629253	3	46.01	47.01	43.01
46.01	14.3561	6.84866	0.816845	0.926724	3	45.01	47.01	43.01
47.01	3.09002	2.8226	0.590312	0.592513	4	48.01	49.01	45.01	46.01
48.01	2.66688	3.28244	0.508544	0.616586	2	49.01	47.01
49.01	0.590166	1.1746	0.399915	0.428611	2	48.01	47.01
0.02	72.1979	23.0482	0.998548	0.970496	2	1.02	2.02
1.02	114.957	14.0005	1.61667	1.82804	4	0.02	2.02	3.02	4.02
2.02	74.7868	8.95885	1.63009	1.73296	4	1.02	0.02	5.02	6.02
3.02	138.216	22.0879	1.41132	1.54674	4	1.02	4.02	7.02	8.02
4.02	60.2136	8.4376	1.50717	1.59495	4	9.02	10.02	3.02	1.02
5.02	37.4143	5.97254	1.4121	1.4927	4	11.02	9.02	6.02	2.02
6.02	96.7928	21.5071	1.19689	1.24203	2	5.02	2.02
7.02	13.3762	5.9656	0.844819	0.865634	2	8.02	3.02
8.02	145.635	31.5085	1.21295	1.35943	4	7.02	3.02	12.02	13.02
9.02	19.5005	2.53804	1.56386	1.70747	4	11.02	5.02	10.02	4.02
10.02	42.4808	9.68983	1.18131	1.24476	4	9.02	4.02	14.02	15.02
11.02	92.9372	32.9631	0.94734	1.02884	4	9.02	5.02	16.02	17.02
12.02	109.877	26.4626	1.14964	1.18433	4	8.02	13.02	18.02	19.02
13.02	327.305	76.4805	1.16715	1.36463	2	12.02	8.02
14.02	3.67462	4.14928	0.530939	0.551605	2	15.02	10.02
15.02	78.9069	9.4392	1.63123	1.78622	4	20.02	21.02	14.02	10.02
16.02	0.250542	0.582656	0.369964	0.137333	2	11.02	17.02
17.02	171.287	41.0371	1.15265	1.27668	2	11.02	16.02
18.02	10.9264	7.61166	0.675965	0.68555	3	12.02	19.02	22.02
19.02	13.8216	7.7912	0.751453	0.774551	3	18.02	12.02	22.02
20.02	102.068	14.7515	1.48406	1.64955	4	23.02	24.02	15.02	21.02
21.02	331.801	34.9044	1.7395	1.84194	4	20.02	15.02	25.02	26.02
22.02	234.549	49.6681	1.22604	1.59758	2	19.02	18.02
23.02	62.9278	14.6264	1.17025	1.28869	2	20.02	24.02
24.02	10.3418	1.5866	1.44042	1.1973	2	20.02	23.02
25.02	15.7424	5.5745	0.948107	1.19759	4	27.02	28.02	26.02	21.02
26.02	168.698	26.265	1.42985	1.5845	2	25.02	21.02
27.02	20.8368	9.39135	0.840381	1.20184	2	28.02	25.02
28.02	83.8063	22.4999	1.08886	1.43944	4	27.02	25.02	29.02	30.02
29.02	42.5699	11.7317	1.07472	1.18556	4	31.02	32.02	28.02	30.02
30.02	57.8001	14.9682	1.10868	1.29013	4	29.02	28.02	33.02	34.02
31.02	9.76418	2.98163	1.02098	1.05804	2	29.02	32.02
32.02	68.7112	19.9033	1.04828	1.18677	2	31.02	29.02
33.02	9.8129	4.44969	0.837836	0.777271	2	30.02	34.02
34.02	31.3178	10.1925	0.988963	1.14277	2	33.02	30.02
0.03	6.43058	3.22531	0.796644	0.67887	2	1.03	2.03
1.03	20.5445	12.0019	0.738155	1.0145	4	2.03	0.03	3.03	4.03
2.03	15.812	3.98791	1.12343	1.46566	2	1.03	0.03
3.03	3.00651	3.68516	0.509598	0.521433	2	4.03	1.03
4.03	6.31923	8.44261	0.488111	0.483941	4	3.03	1.03	5.03	6.03
5.03	2.17137	3.38435	0.451912	0.507026	2	4.03	6.03
6.03	38.7784	17.1555	0.848239	1.03817	4	4.03	5.03	7.03	8.03
7.03	25.2908	8.73607	0.95995	1.07098	4	6.03	8.03	9.03	10.03
8.03	23.6206	8.50595	0.940175	1.09933	4	7.03	6.03	11.03	10.03
9.03	100.543	18.9495	1.29957	1.41043	4	12.03	13.03	7.03	10.03
10.03	10.0217	2.04604	1.24864	1.41256	4	7.03	9.03	11.03	8.03
11.03	56.4973	13.5978	1.15002	1.21026	4	8.03	10.03	14.03	15.03
12.03	3.09837	1.34525	0.856229	0.850083	2	9.03	13.03
13.03	84.4327	20.3669	1.14873	1.3696	2	12.03	9.03
14.03	13.6128	2.33991	1.36082	1.40225	4	16.03	17.03	11.03	15.03
15.03	188.282	35.7651	1.29449	1.39202	2	14.03	11.03
16.03	28.2695	9.83303	0.956622	0.997767	4	18.03	19.03	17.03	14.03
17.03	100.801	36.7291	0.934659	0.976425	2	16.03	14.03
18.03	6.55585	2.63103	0.890587	0.956623	2	19.03	16.03
19.03	116.419	23.7582	1.2489	1.41154	4	18.03	16.03	20.03	21.03
20.03	225.446	33.6383	1.46059	1.64497	4	19.03	21.03	22.03	23.03
21.03	2.17137	0.762596	0.952016	0.928048	2	19.03	20.03
22.03	525.262	105.488	1.25896	1.33687	2	20.03	23.03
23.03	474.944	49.0193	1.75615	1.89166	2	22.03	20.03
0.04	5.20571	2.21903	0.864138	0.963635	2	1.04	2.04
1.04	33.684	14.5334	0.858923	1.0494	2	0.04	2.04
2.04	48.1598	7.66799	1.41393	3.4612	4	0.04	1.04	3.04	4.04
3.04	7.73897	1.40666	1.32334	2.46	4	2.04	4.04	5.04	6.04
4.04	106.94	16.0971	1.45419	1.64581	2	2.04	3.04
5.04	71.0287	14.531	1.24737	1.46804	2	3.04	6.04
6.04	258.267	31.5344	1.61461	1.82064	4	3.04	5.04	7.04	8.04
7.04	162.825	24.9235	1.44205	1.63637	4	6.04	8.04	9.04	10.04
8.04	126.538	19.9164	1.4221	1.55172	4	11.04	12.04	6.04	7.04
9.04	71.6829	10.3771	1.48284	1.50877	2	7.04	10.04
10.04	221.646	43.3839	1.27524	1.32945	4	9.04	7.04	13.04	14.04
11.04	10.0634	5.5745	0.758045	0.769983	4	15.04	16.04	12.04	8.04
12.04	3.22921	2.16925	0.688364	0.713618	2	11.04	8.04
13.04	43.9284	19.0672	0.856355	0.870332	2	10.04	14.04
14.04	34.2825	7.85027	1.17901	1.22317	2	13.04	10.04
15.04	1.6146	1.74797	0.54224	0.421728	2	11.04	16.04
16.04	4.45408	5.04397	0.530174	0.539458	2	15.04	11.04
0.05	37.8319	10.7756	1.05714	1.26576	2	1.05	2.05
1.05	81.802	14.7194	1.33003	1.84043	4	2.05	0.05	3.05	4.05
2.05	11.5249	6.39576	0.757353	0.759598	2	1.05	0.05
3.05	93.3965	13.6093	1.47799	1.89622	4	5.05	6.05	1.05	4.05
4.05	174.169	26.4786	1.44698	1.92205	2	1.05	3.05
5.05	9.39533	9.79213	0.55264	0.634497	4	6.05	3.05	7.05	8.05
6.05	22.1451	16.6458	0.650747	0.883805	2	5.05	3.05
7.05	1.7538	2.33991	0.488444	0.436276	2	5.05	8.05
8.05	3.54935	5.45169	0.455233	0.467565	4	7.05	5.05	9.05	10.05
9.05	6.7368	3.91722	0.739883	0.752569	4	8.05	10.05	11.05	12.05
10.05	37.122	12.6459	0.966641	1.58985	4	8.05	9.05	13.05	14.05
11.05	3.42408	1.05372	1.01703	0.842818	2	9.05	12.05
12.05	9.24222	5.81351	0.711368	0.650432	4	9.05	11.05	14.05	15.05
13.05	3.67462	2.58125	0.673156	0.583713	2	14.05	10.05
14.05	6.80639	2.15997	1.00152	1.15211	4	13.05	10.05	12.05	15.05
15.05	3.77205	2.98163	0.634581	0.516816	2	14.05	12.05
0.06	128.027	27.9646	1.20718	4.31763	2	1.06	2.06
1.06	83.7924	26.4511	1.00417	1.10458	4	0.06	2.06	3.06	4.06
2.06	312.092	80.0764	1.11382	1.20791	2	1.06	0.06
3.06	17.3431	4.27903	1.13584	1.20999	4	1.06	4.06	5.06	6.06
4.06	167.947	14.39	1.92744	2.04588	2	1.06	3.06
5.06	8.49059	5.44241	0.704691	0.81752	2	3.06	6.06
6.06	95.8741	23.2281	1.14622	1.26774	4	3.06	5.06	7.06	8.06
7.06	12.2348	2.92256	1.15436	1.37325	2	8.06	6.06
8.06	90.5431	19.8592	1.20468	1.43506	4	7.06	6.06	9.06	10.06
9.06	1.1692	2.10785	0.420193	0.39162	2	10.06	8.06
10.06	38.3051	21.0318	0.761405	0.880935	2	9.06	8.06
0.07	52.4468	13.5271	1.11092	1.33043	2	1.07	2.07
1.07	152.914	19.2971	1.58819	1.79602	4	0.07	2.07	3.07	4.07
2.07	31.3178	10.2929	0.984129	1.07997	2	1.07	0.07
3.07	91.9003	20.0232	1.20869	2.0735	4	1.07	4.07	5.07	6.07
4.07	14.8029	4.80262	0.99051	1.04376	2	3.07	1.07
5.07	2.07393	4.97789	0.364166	0.313486	2	3.07	6.07
6.07	7.79464	3.67588	0.821567	0.814555	4	5.07	3.07	7.07	8.07
7.07	4.73246	1.1746	1.13246	1.0714	2	6.07	8.07
8.07	40.9636	4.38829	1.72376	1.81528	4	6.07	7.07	9.07	10.07
9.07	61.8839	12.6492	1.24791	1.40971	2	8.07	10.07
10.07	44.346	8.2646	1.3069	1.73435	2	8.07	9.07
0.08	5.21963	3.65357	0.674351	0.701534	2	1.08	2.08
1.08	74.9121	24.0135	0.996492	1.06643	4	0.08	2.08	3.08	4.08
2.08	7.89208	8.09435	0.557096	0.58145	2	0.08	1.08
3.08	31.5474	7.85301	1.13081	1.24492	4	5.08	6.08	1.08	4.08
4.08	313.011	58.6818	1.30303	1.42649	2	3.08	1.08
5.08	82.8459	25.3587	1.01976	1.28914	2	6.08	3.08
6.08	6.20092	2.51945	0.885117	0.912807	2	5.08	3.08
0.09	82.1778	31.1425	0.916485	0.929964	2	1.09	2.09
1.09	176.563	25.3769	1.48818	1.61342	4	3.09	4.09	0.09	2.09
2.09	394.353	57.4001	1.47881	1.58622	2	0.09	1.09
3.09	30.942	20.656	0.690518	0.745672	2	4.09	1.09
4.09	12.4297	5.74516	0.829858	1.02344	4	3.09	1.09	5.09	6.09
5.09	19.9877	8.54685	0.862787	0.965292	2	4.09	6.09
6.09	7.69721	2.23066	1.04803	1.16902	2	4.09	5.09
0.1	195.339	35.2575	1.32799	1.47133	2	1.1	2.1
1.1	272.178	45.6471	1.37767	1.50707	4	0.1	2.1	3.1	4.1
2.1	78.3779	14.0028	1.33479	1.52164	2	0.1	1.1
3.1	210.046	46.8775	1.19426	1.39524	2	1.1	4.1
4.1	163.799	22.5342	1.52111	1.69671	2	3.1	1.1
0.11	41.423	18.6915	0.839892	0.827287	2	1.11	2.11
1.11	134.565	16.2906	1.62152	3.01058	2	0.11	2.11
2.11	1.97998	1.71638	0.605967	0.607949	2	0.11	1.11
